/*
==================================================
PROJECT : QUAN LY CHUOI PHONG TRO
FILE    : 04_InsertData.sql
AUTHOR  : DBA Team
PURPOSE : Seed Data
==================================================
*/

USE QuanLiChuoiPhongTro;
GO

/*========================================
KHUTRO
========================================*/

INSERT INTO KhuTro
VALUES
('KT001',N'Khu Trọ Quận 1',
 N'12 Nguyễn Huệ Q1',
 '0901111111',
 N'Cơ sở trung tâm'),

('KT002',N'Khu Trọ Bình Thạnh',
 N'25 Điện Biên Phủ',
 '0902222222',
 N'Cơ sở Bình Thạnh'),

('KT003',N'Khu Trọ Thủ Đức',
 N'88 Võ Văn Ngân',
 '0903333333',
 N'Cơ sở Thủ Đức');
GO

SELECT COUNT(*) SoLuongKhuTro
FROM KhuTro;
GO

/*========================================
DICHVU
========================================*/

INSERT INTO DichVu
VALUES
('DV001',N'Điện',N'kWh',3500,N'Điện',N'Tiền điện'),
('DV002',N'Nước',N'm3',18000,N'Nước',N'Tiền nước'),
('DV003',N'Internet',N'Tháng',120000,N'Internet',N'Wifi'),
('DV004',N'Rác',N'Tháng',30000,N'Khác',N'Phí rác'),
('DV005',N'Giữ xe',N'Tháng',100000,N'Khác',N'Giữ xe');
GO

SELECT COUNT(*) SoLuongDichVu
FROM DichVu;
GO

USE QuanLiChuoiPhongTro;
GO

/* ==========================================
   PHONG
========================================== */
INSERT INTO Phong
VALUES
('P001','KT001',N'Phòng A101',N'Standard',20,2500000,N'Đang thuê'),
('P002','KT001',N'Phòng A102',N'Standard',22,2700000,N'Trống'),
('P003','KT002',N'Phòng B201',N'VIP',30,4500000,N'Đang thuê'),
('P004','KT002',N'Phòng B202',N'VIP',35,5000000,N'Trống'),
('P005','KT003',N'Phòng C301',N'Standard',25,3000000,N'Đang thuê');
GO

/* ==========================================
   NHAN VIEN
========================================== */
INSERT INTO NhanVien
VALUES
('NV001','KT001',N'Nguyễn Văn An',N'Quản lý','0911111111','an@gmail.com','123456'),
('NV002','KT001',N'Trần Thị Bình',N'Nhân viên','0922222222','binh@gmail.com','123456'),
('NV003','KT002',N'Lê Văn Cường',N'Quản lý','0933333333','cuong@gmail.com','123456'),
('NV004','KT002',N'Phạm Thị Dung',N'Nhân viên','0944444444','dung@gmail.com','123456'),
('NV005','KT003',N'Hoàng Minh Đức',N'Quản lý','0955555555','duc@gmail.com','123456');
GO

/* ==========================================
   KHACH THUE
========================================== */
INSERT INTO KhachThue
VALUES
('KH001',N'Nguyễn Văn Hải','001234567890','1999-03-12','0901111111',N'Hà Nội','hai@gmail.com'),
('KH002',N'Trần Thị Lan','001234567891','2000-05-20','0902222222',N'Hải Phòng','lan@gmail.com'),
('KH003',N'Lê Quốc Bảo','001234567892','1998-07-15','0903333333',N'Đà Nẵng','bao@gmail.com'),
('KH004',N'Phạm Ngọc Mai','001234567893','2001-09-10','0904444444',N'TP HCM','mai@gmail.com'),
('KH005',N'Đỗ Minh Tuấn','001234567894','1997-11-01','0905555555',N'Cần Thơ','tuan@gmail.com');
GO

/* ==========================================
   HOP DONG
========================================== */
INSERT INTO HopDong
VALUES
('HD001','NV001','KH001','P001','2025-01-01','2025-12-31',20,2500000,N'Hiệu lực'),
('HD002','NV003','KH002','P003','2025-02-01','2026-01-31',30,4500000,N'Hiệu lực'),
('HD003','NV005','KH003','P005','2025-03-01','2026-02-28',25,3000000,N'Hiệu lực');
GO

/* ==========================================
   DAT COC
========================================== */
INSERT INTO DatCoc
VALUES
('DC001','HD001',2500000,'2024-12-20',N'Đang Giữ',NULL,N'Cọc giữ phòng'),
('DC002','HD002',4500000,'2025-01-20',N'Đã khấu trừ',NULL,N'Cọc giữ phòng'),
('DC003','HD003',3000000,'2025-02-20',N'Đã hoàn',NULL,N'Cọc giữ phòng');
GO

/* ==========================================
   HOA DON
========================================== */
INSERT INTO HoaDon
VALUES
('HDB001','HD001','NV001',5,2025,2500000,450000,2950000,N'Chưa thanh toán','2025-05-01','2025-05-10'),
('HDB002','HD002','NV003',5,2025,4500000,600000,5100000,N'Đã thanh toán','2025-05-01','2025-05-10'),
('HDB003','HD003','NV005',5,2025,3000000,500000,3500000,N'Đã thanh toán','2025-05-01','2025-05-10');
GO

/* ==========================================
   THANH TOAN
========================================== */
INSERT INTO ThanhToan
VALUES
('TT001','HDB002','NV003',5100000,'2025-05-05',N'Chuyển khoản',N'Thanh toán đủ'),
('TT002','HDB003','NV005',3500000,'2025-05-06',N'Tiền mặt',N'Thanh toán đủ');
GO

/* ==========================================
   LICH SU CHUYEN PHONG
========================================== */
INSERT INTO LichSuChuyenPhong
VALUES
('LS001','HD001','NV001','P001','P002',
 '2025-06-01',
 N'Khách muốn phòng rộng hơn',
 200000);
GO

/* ==========================================
   CHI SO DICH VU
========================================== */
INSERT INTO ChiSoDichVu
VALUES
('CS001','P001','DV001',1200,1350,150,5,2025),
('CS002','P001','DV002',80,92,12,5,2025),
('CS003','P003','DV001',1500,1680,180,5,2025),
('CS004','P003','DV002',100,115,15,5,2025),
('CS005','P005','DV001',900,1020,120,5,2025);
GO

USE QuanLiChuoiPhongTro;
GO

/*====================================================
=       PHONG (20 PHÒNG)
====================================================*/
INSERT INTO Phong
SELECT
    CONCAT('P',RIGHT('000'+CAST(v.n AS VARCHAR),3)),
    CASE
        WHEN v.n<=7 THEN 'KT001'
        WHEN v.n<=14 THEN 'KT002'
        ELSE 'KT003'
    END,
    N'Phòng ' + CAST(v.n AS NVARCHAR),
    CASE WHEN v.n%4=0 THEN N'VIP' ELSE N'Standard' END,
    18 + v.n,
    2500000 + (v.n*100000),
    CASE WHEN v.n%3=0 THEN N'Trống' ELSE N'Đang thuê' END
FROM (
VALUES
(111),(112),(300),(400),(500),(600),(700),(800),(900),(1234),
(101),(102),(103),(104),(105),(106),(107),(108),(109),(2222)
) v(n);
GO

/*====================================================
=       NHAN VIEN (10)
====================================================*/
INSERT INTO NhanVien
VALUES
('NV001','KT001',N'Nguyễn Văn An',N'Manager','0911111111','nv1@gmail.com','123456'),
('NV002','KT001',N'Trần Văn Bình',N'Staff','0911111112','nv2@gmail.com','123456'),
('NV003','KT001',N'Lê Văn Cường',N'Staff','0911111113','nv3@gmail.com','123456'),

('NV004','KT002',N'Phạm Thị Dung',N'Manager','0911111114','nv4@gmail.com','123456'),
('NV005','KT002',N'Hoàng Minh Đức',N'Staff','0911111115','nv5@gmail.com','123456'),
('NV006','KT002',N'Đỗ Thị Hương',N'Staff','0911111116','nv6@gmail.com','123456'),

('NV007','KT003',N'Nguyễn Quang Hải',N'Manager','0911111117','nv7@gmail.com','123456'),
('NV008','KT003',N'Vũ Minh Long',N'Staff','0911111118','nv8@gmail.com','123456'),
('NV009','KT003',N'Trần Thu Mai',N'Staff','0911111119','nv9@gmail.com','123456'),
('NV010','KT003',N'Phạm Văn Nam',N'Admin','0911111120','nv10@gmail.com','123456');

/*====================================================
=       KHACH THUE (30)
====================================================*/
DECLARE @i INT=1;
WHILE @i<=30
BEGIN
    INSERT INTO KhachThue
    VALUES(
      CONCAT('KH',RIGHT('000'+CAST(@i AS VARCHAR),3)),
      N'Khách thuê '+CAST(@i AS NVARCHAR),
      RIGHT('000000000000'+CAST(100000000+@i AS VARCHAR),12),
      DATEADD(YEAR,-20-(@i%10),GETDATE()),
      CONCAT('090',FORMAT(@i,'0000000')),
      N'Hà Nội',
      CONCAT('kh',@i,'@gmail.com')
    );
    SET @i=@i+1;
END
GO

/*====================================================
=       HOP DONG (20)
====================================================*/
INSERT INTO HopDong
VALUES
('HD001','NV001','KH001','P001','2025-01-01','2025-12-31',20,2600000,N'Hiệu lực'),
('HD002','NV001','KH002','P002','2025-01-01','2025-12-31',21,2700000,N'Hiệu lực'),
('HD003','NV002','KH003','P003','2025-01-01','2025-12-31',22,2800000,N'Hiệu lực'),
('HD004','NV002','KH004','P004','2025-01-01','2025-12-31',23,2900000,N'Hiệu lực'),
('HD005','NV003','KH005','P005','2025-01-01','2025-12-31',24,3000000,N'Hiệu lực'),
('HD006','NV004','KH006','P006','2025-01-01','2025-12-31',25,3100000,N'Hiệu lực'),
('HD007','NV004','KH007','P007','2025-01-01','2025-12-31',26,3200000,N'Hiệu lực'),
('HD008','NV005','KH008','P008','2025-01-01','2025-12-31',27,3300000,N'Hiệu lực'),
('HD009','NV005','KH009','P009','2025-01-01','2025-12-31',28,3400000,N'Hiệu lực'),
('HD010','NV006','KH010','P010','2025-01-01','2025-12-31',29,3500000,N'Hiệu lực'),
('HD011','NV007','KH011','P011','2025-01-01','2025-12-31',30,3600000,N'Hiệu lực'),
('HD012','NV007','KH012','P012','2025-01-01','2025-12-31',31,3700000,N'Hiệu lực'),
('HD013','NV008','KH013','P013','2025-01-01','2025-12-31',32,3800000,N'Hiệu lực'),
('HD014','NV008','KH014','P014','2025-01-01','2025-12-31',33,3900000,N'Hiệu lực'),
('HD015','NV009','KH015','P015','2025-01-01','2025-12-31',34,4000000,N'Hiệu lực'),
('HD016','NV009','KH016','P016','2025-01-01','2025-12-31',35,4100000,N'Hiệu lực'),
('HD017','NV010','KH017','P017','2025-01-01','2025-12-31',36,4200000,N'Hiệu lực'),
('HD018','NV010','KH018','P018','2025-01-01','2025-12-31',37,4300000,N'Hiệu lực'),
('HD019','NV010','KH019','P019','2025-01-01','2025-12-31',38,4400000,N'Hiệu lực'),
('HD020','NV010','KH020','P020','2025-01-01','2025-12-31',39,4500000,N'Hiệu lực');
GO